step,wheel_effort,joint_effort,velocity,drain,energy_per_meter,energy,damage,state
0,0.003600,2.099117,0.007633,0.00001742,0.00228159,0.999980,0.000000,EXPLORER
100,0.163064,2.492716,0.108207,0.00013174,0.00121751,0.990995,0.000000,EXPLORER
200,0.538902,3.253958,0.151863,0.00013743,0.00090496,0.981741,0.000000,EXPLORER
300,0.021456,3.264529,0.238000,0.00022356,0.00093932,0.947062,0.000000,EXPLORER
400,0.310891,3.721571,0.330572,0.00039763,0.00120284,0.863783,0.000000,EXPLORER
500,0.700000,2.813213,0.234961,0.00028464,0.00121142,0.783780,0.000000,EXPLORER
600,0.438191,3.384395,0.041533,0.00006201,0.00149308,0.754957,0.000000,EXPLORER
700,0.700000,3.587121,0.006251,0.00021309,0.03408115,0.732780,0.000000,EXPLORER
800,0.700000,3.847620,0.008754,0.00021503,0.02456194,0.697260,0.000000,EXPLORER
900,0.700000,2.655884,0.020441,0.00020692,0.01012220,0.665851,0.000000,EXPLORER
1000,0.062223,3.782867,0.013774,0.00006473,0.00469908,0.649255,0.000000,EXPLORER
1100,0.700000,2.999001,0.173795,0.00021162,0.00121764,0.627810,0.000000,EXPLORER
1200,0.361232,3.572076,0.115526,0.00008429,0.00072957,0.596569,0.000000,EXPLORER
1300,0.300713,2.702724,0.135532,0.00014190,0.00104700,0.558835,0.000000,EXPLORER
1400,0.424695,2.130982,0.158955,0.00022160,0.00139413,0.505880,0.000000,EXPLORER
1500,0.130570,3.409251,0.060155,0.00009473,0.00157480,0.461613,0.000000,EXPLORER
1600,0.264633,2.992233,0.100059,0.00008215,0.00082104,0.437824,0.000000,EXPLORER
1700,0.148525,2.214848,0.023231,0.00007228,0.00311132,0.411060,0.000000,EXPLORER
1800,0.464361,2.703866,0.012702,0.00005726,0.00450777,0.391344,0.000000,EXPLORER
1900,0.442697,3.732714,0.044950,0.00021520,0.00478742,0.362974,0.000000,EXPLORER
2000,0.378040,3.517460,0.085701,0.00021437,0.00250129,0.340219,0.000000,EXPLORER
2100,0.063591,2.052457,0.173169,0.00019944,0.00115172,0.297384,0.000000,EXPLORER
2200,0.203903,3.305016,0.079943,0.00031591,0.00395164,0.240469,0.000000,EXPLORER
2300,0.188475,3.786725,0.268024,0.00030646,0.00114341,0.146379,0.000000,EXPLORER
2400,0.236088,3.738311,0.180708,0.00030218,0.00167218,0.076089,0.000000,EXPLORER
2500,0.090109,3.317966,0.257963,0.00029667,0.00115004,0.000000,0.000000,EXPLORER
2500,0.700000,2.390672,0.008053,0.00025471,0.03162653,0.996726,0.000000,EXPLORER
2600,0.164234,2.402603,0.011544,0.00015158,0.01312892,0.961688,0.000000,EXPLORER
2700,0.110689,3.450476,0.094472,0.00019344,0.00204761,0.924561,0.000000,EXPLORER
2800,0.700000,3.048761,0.261076,0.00037239,0.00142635,0.855436,0.000000,EXPLORER
2900,0.236052,3.113075,0.105412,0.00028407,0.00269483,0.773273,0.000000,EXPLORER
3000,0.434421,3.693965,0.077869,0.00025639,0.00329255,0.704989,0.000000,EXPLORER
3100,0.141232,3.361200,0.201779,0.00021272,0.00105423,0.650350,0.000000,EXPLORER
3200,0.224128,2.051235,0.288444,0.00026047,0.00090300,0.592227,0.000000,EXPLORER
3300,0.692004,3.339134,0.354691,0.00039974,0.00112700,0.499283,0.000000,EXPLORER
3400,0.208927,1.624605,0.384909,0.00031944,0.00082990,0.414175,0.000000,EXPLORER
3500,0.700000,3.853298,0.054330,0.00012004,0.00220944,0.374403,0.000000,EXPLORER
3600,0.700000,3.602518,0.061378,0.00011926,0.00194296,0.338766,0.000000,EXPLORER
3700,0.565335,1.971964,0.158933,0.00010894,0.00068545,0.304382,0.000000,EXPLORER
3800,0.321217,3.567053,0.099656,0.00012880,0.00129244,0.269441,0.000000,EXPLORER
3900,0.324017,1.735285,0.203333,0.00024100,0.00118524,0.220519,0.000000,EXPLORER
4000,0.149016,2.883357,0.149686,0.00029515,0.00197177,0.161009,0.000000,EXPLORER
4100,0.471200,2.080891,0.093002,0.00026942,0.00289691,0.101703,0.000000,EXPLORER
4200,0.220422,3.492319,0.274347,0.00028174,0.00102695,0.034663,0.000000,EXPLORER
4300,0.700000,3.275978,0.106443,0.00024324,0.00228515,0.952910,0.000000,EXPLORER
4400,0.030881,2.096878,0.325887,0.00032126,0.00098580,0.890926,0.000000,EXPLORER
4500,0.166352,2.745787,0.487761,0.00036271,0.00074362,0.790038,0.000000,EXPLORER
4600,0.700000,3.040589,0.153069,0.00024175,0.00157935,0.716814,0.000000,EXPLORER
4700,0.055933,5.533306,0.157030,0.00024602,0.00156668,0.676404,0.364278,EXPLORER
4800,0.681203,3.299633,0.768292,0.00016029,0.00020863,0.982319,0.089508,EXPLORER
4900,0.173132,2.250170,0.152209,0.00009871,0.00064850,0.943543,0.495325,EXPLORER
5000,0.106008,3.696821,0.105643,0.00021496,0.00203476,0.905560,0.495325,EXPLORER
5100,0.595982,3.573590,0.058342,0.00021423,0.00367193,0.838312,0.495325,EXPLORER
5200,0.340154,3.831619,0.122529,0.00021655,0.00176735,0.783391,0.495325,EXPLORER
5300,0.048351,2.802262,0.059947,0.00020842,0.00347660,0.724893,0.495325,EXPLORER
5400,0.274661,3.569883,0.033741,0.00021319,0.00631826,0.658960,0.495325,EXPLORER
5500,0.422371,3.802630,0.088723,0.00019630,0.00221248,0.593696,0.495325,EXPLORER
5600,0.374631,3.362609,0.211136,0.00021445,0.00101570,0.532388,0.586218,EXPLORER
5700,0.070022,2.931472,0.132242,0.00020946,0.00158386,0.468289,0.586218,EXPLORER
5800,0.124788,3.435668,0.018927,0.00021263,0.01123365,0.404700,0.586218,EXPLORER
5900,0.047880,3.703135,0.126914,0.00021436,0.00168903,0.339377,0.586218,EXPLORER
6000,0.170525,3.526483,0.156893,0.00019495,0.00124254,0.277001,0.586218,EXPLORER
6100,0.050230,2.465047,0.053478,0.00004107,0.00076795,0.236777,0.586218,EXPLORER
6200,0.056493,3.142056,0.080283,0.00004835,0.00060226,0.222951,0.586218,EXPLORER
6300,0.071215,2.792700,0.183033,0.00004261,0.00023279,0.207990,0.586218,EXPLORER
6400,0.018651,2.964059,0.008949,0.00003548,0.00396400,0.197620,0.586218,EXPLORER
6500,0.029364,2.016873,0.032223,0.00001903,0.00059060,0.187410,0.586218,EXPLORER
6600,0.367167,3.165736,0.000897,0.00003926,0.04374135,0.177550,0.586218,EXPLORER
6700,0.004412,3.238911,0.000215,0.00002763,0.12815774,0.167717,0.586218,EXPLORER
6800,0.301219,2.406257,0.069068,0.00004069,0.00058915,0.154440,0.586218,EXPLORER
6900,0.295304,2.198502,0.323158,0.00022274,0.00068925,0.101543,0.586218,EXPLORER
7000,0.240675,2.112533,0.221834,0.00028861,0.00130101,0.020160,0.586218,EXPLORER
7100,0.258330,2.664569,0.292913,0.00029686,0.00101345,0.919962,0.000000,EXPLORER
7200,0.562527,1.962021,0.138205,0.00036595,0.00264786,0.857421,0.000000,EXPLORER
7300,0.203703,3.305184,0.350676,0.00027018,0.00077047,0.756057,0.000000,EXPLORER
7400,0.414088,2.773532,0.146784,0.00034976,0.00238278,0.693613,0.429700,EXPLORER
7500,0.335493,2.100027,0.536567,0.00036801,0.00068585,0.673539,0.429700,EXPLORER
7600,0.353867,2.150266,0.018203,0.00025421,0.01396427,0.655346,0.429700,EXPLORER
7700,0.128172,2.078882,0.348414,0.00037196,0.00106758,0.633364,0.429700,EXPLORER
7800,0.266272,1.964458,0.110858,0.00022960,0.00207114,0.614163,0.429700,EXPLORER
7900,0.134468,2.176227,0.193256,0.00020118,0.00104098,0.606271,0.429700,EXPLORER
8000,0.242967,1.912756,0.389398,0.00035992,0.00092430,0.940183,0.429700,EXPLORER
8100,0.269097,1.949330,0.335441,0.00020227,0.00060301,0.926449,0.429700,EXPLORER
8200,0.300126,1.889553,0.332590,0.00036333,0.00109241,0.906985,0.429700,EXPLORER
8300,0.267871,1.990606,0.396067,0.00037264,0.00094086,0.888910,0.429700,EXPLORER
8400,0.131516,2.703749,0.071521,0.00030405,0.00425108,0.870544,0.429700,EXPLORER
8500,0.157065,1.956308,0.208698,0.00036943,0.00177018,0.849906,0.429700,EXPLORER
8600,0.134787,1.860502,0.297164,0.00037041,0.00124648,0.830228,0.429700,EXPLORER
8700,0.291621,1.902830,0.317675,0.00035059,0.00110360,0.810940,0.429700,EXPLORER
8800,0.083887,1.702070,0.287873,0.00036912,0.00128222,0.791322,0.429700,EXPLORER
8900,0.152158,1.861714,0.261797,0.00035010,0.00133729,0.771144,0.429700,EXPLORER
9000,0.261335,1.883386,0.267219,0.00031295,0.00117114,0.756517,0.429700,EXPLORER
9100,0.086904,3.340258,0.311732,0.00023821,0.00076415,0.741722,0.429700,EXPLORER
9200,0.162610,6.459554,0.206565,0.00027674,0.00133973,0.723917,0.429700,EXPLORER
9300,0.110523,6.546492,0.276471,0.00038056,0.00137647,0.699804,0.459758,EXPLORER
9400,0.427905,5.549870,0.238266,0.00037507,0.00157417,0.675165,0.459758,EXPLORER
9500,0.107121,5.319882,0.259855,0.00037300,0.00143543,0.648741,0.535600,EXPLORER
9600,0.310058,2.133672,0.582617,0.00036638,0.00062885,0.630700,0.535600,EXPLORER
9700,0.333077,1.852731,0.291889,0.00036417,0.00124764,0.608125,0.535600,EXPLORER
9800,0.181797,2.508374,0.175772,0.00035306,0.00200860,0.586980,0.535600,EXPLORER
9900,0.587524,3.240371,0.262665,0.00021539,0.00082001,0.566189,0.535600,EXPLORER
10000,0.587524,6.757997,0.559166,0.00028733,0.00051386,0.547606,0.535600,EXPLORER
10100,0.582876,2.508950,0.840010,0.00015835,0.00018851,0.535948,0.557732,EXPLORER
10200,0.526228,3.216520,0.124710,0.00004217,0.00033814,0.527471,0.827486,EXPLORER
10300,0.289027,3.146344,0.214610,0.00004699,0.00021894,0.521765,0.912480,EXPLORER
10400,0.098493,1.901633,0.043091,0.00009256,0.00214798,0.989976,0.000000,EXPLORER
10500,0.360109,2.079881,0.046034,0.00012509,0.00271723,0.982517,0.000000,EXPLORER
10600,0.097605,1.984107,0.240897,0.00020580,0.00085429,0.975008,0.000000,EXPLORER
10700,0.290385,2.057263,0.095103,0.00011499,0.00120910,0.966109,0.000000,EXPLORER
10800,0.324697,2.146205,0.289153,0.00020690,0.00071555,0.959183,0.000000,EXPLORER
10900,0.581377,2.195847,0.224156,0.00022181,0.00098952,0.946809,0.000000,EXPLORER
11000,0.122057,2.203596,0.157414,0.00022089,0.00140325,0.934819,0.000000,EXPLORER
11100,0.146172,2.636077,0.124739,0.00018807,0.00150770,0.918458,0.000000,EXPLORER
11200,0.574263,3.147427,0.338669,0.00023683,0.00069930,0.834428,0.000000,EXPLORER
11300,0.432735,3.209808,0.134371,0.00010046,0.00074765,0.755326,0.000000,EXPLORER
11400,0.110714,1.733588,0.026890,0.00012037,0.00447637,0.721771,0.000000,EXPLORER
11500,0.700000,2.592797,0.026290,0.00012268,0.00466629,0.698365,0.000000,EXPLORER
11600,0.241369,2.721508,0.040373,0.00006021,0.00149125,0.674395,0.000000,EXPLORER
11700,0.458576,2.062227,0.039231,0.00003747,0.00095502,0.654313,0.000000,EXPLORER
11800,0.154487,2.255571,0.154839,0.00003831,0.00024740,0.643667,0.000000,EXPLORER
11900,0.700000,1.981347,0.044342,0.00012753,0.00287606,0.631448,0.000000,EXPLORER
12000,0.700000,2.060998,0.030550,0.00010771,0.00352560,0.591210,0.000000,EXPLORER
12100,0.120550,2.056187,0.273019,0.00020927,0.00076648,0.884174,0.000000,EXPLORER
12200,0.306124,3.242547,0.211015,0.00030037,0.00142347,0.810323,0.000000,EXPLORER
12300,0.025759,1.412798,0.206284,0.00020724,0.00100464,0.768817,0.000000,EXPLORER
12400,0.084136,5.803227,0.145674,0.00022453,0.00154129,0.717014,0.224922,EXPLORER
12500,0.318498,3.918844,0.318322,0.00027320,0.00085824,0.669353,0.241907,EXPLORER
12600,0.427979,3.686658,0.004576,0.00031242,0.06825737,0.559416,0.241907,EXPLORER
12700,0.200058,3.938359,0.417025,0.00037591,0.00090140,0.467938,0.241907,EXPLORER
12800,0.120707,4.122582,0.392912,0.00038761,0.00098649,0.447413,0.241907,EXPLORER
12900,0.221211,2.023611,0.392900,0.00037320,0.00094986,0.427772,0.241907,EXPLORER
13000,0.410020,1.845576,0.114368,0.00032397,0.00283264,0.408725,0.241907,EXPLORER
13100,0.428352,2.719511,0.261091,0.00030233,0.00115795,0.392506,0.241907,EXPLORER
13200,0.328789,3.139170,0.280766,0.00034819,0.00124014,0.373794,0.241907,EXPLORER
13300,0.054382,2.738079,0.059551,0.00006155,0.00103358,0.367554,0.241907,EXPLORER
13400,0.015177,3.101853,0.040330,0.00005328,0.00132102,0.364393,0.241907,EXPLORER
13500,0.056207,1.293767,0.044767,0.00003412,0.00076222,0.361581,0.241907,EXPLORER
13600,0.316022,1.789377,0.202172,0.00023561,0.00116538,0.702587,0.241907,EXPLORER
13700,0.362258,1.890531,0.230275,0.00036760,0.00159636,0.683776,0.241907,EXPLORER
13800,0.373928,1.916934,0.045805,0.00020848,0.00455142,0.666444,0.241907,EXPLORER
13900,0.350096,1.677075,0.490710,0.00036282,0.00073938,0.650220,0.241907,EXPLORER
14000,0.101360,1.675873,0.404912,0.00035080,0.00086635,0.631291,0.241907,EXPLORER
14100,0.409160,2.345649,0.393057,0.00037474,0.00095340,0.609414,0.241907,EXPLORER
14200,0.164076,3.205327,0.123436,0.00032877,0.00266349,0.563006,0.241907,EXPLORER
14300,0.563460,3.250761,0.153310,0.00021105,0.00137664,0.482201,0.241907,SPEED_DEMON
14400,0.484961,3.244127,0.068575,0.00024633,0.00359206,0.477744,0.241907,SPEED_DEMON
14500,0.157869,3.275206,0.020807,0.00022982,0.01104478,0.472855,0.241907,SPEED_DEMON
14600,0.250520,2.430217,0.251312,0.00022324,0.00088830,0.467905,0.304735,SPEED_DEMON
14700,0.096841,2.697289,0.276263,0.00022495,0.00081425,0.464098,0.304735,SPEED_DEMON
14800,0.318260,2.981458,0.216168,0.00020650,0.00095526,0.457243,0.304735,SPEED_DEMON
14900,0.422515,2.445355,0.136816,0.00023938,0.00174961,0.450965,0.304735,SPEED_DEMON
15000,0.144774,2.503481,0.176090,0.00030106,0.00170966,0.444784,0.304735,SPEED_DEMON
15100,0.100988,2.917259,0.357546,0.00030709,0.00085887,0.438317,0.304735,SPEED_DEMON
15200,0.318717,2.746066,0.167168,0.00030445,0.00182119,0.432005,0.304735,SPEED_DEMON
15300,0.636006,1.650521,0.375974,0.00032321,0.00085966,0.427159,0.304735,SPEED_DEMON
15400,0.298432,2.105510,0.318052,0.00031254,0.00098268,0.418549,0.304735,SPEED_DEMON
15500,0.569043,3.222744,0.229151,0.00032647,0.00142471,0.412584,0.304735,SPEED_DEMON
15600,0.097014,3.127476,0.257893,0.00027273,0.00105753,0.408404,0.304735,SPEED_DEMON
15700,0.142278,3.777929,0.111971,0.00026005,0.00232248,0.404681,0.304735,SPEED_DEMON
15800,0.334617,2.464927,0.224903,0.00028850,0.00128275,0.399064,0.304735,SPEED_DEMON
15900,0.085296,2.982598,0.167918,0.00028964,0.00172488,0.394919,0.304735,SPEED_DEMON
16000,0.400650,2.545994,0.110674,0.00025220,0.00227873,0.391169,0.304735,SPEED_DEMON
16100,0.492368,1.895328,0.200062,0.00025583,0.00127876,0.387727,0.304735,SPEED_DEMON
16200,0.342125,2.469960,0.246030,0.00025232,0.00102555,0.382793,0.304735,SPEED_DEMON
16300,0.119799,3.039024,0.178680,0.00026447,0.00148014,0.378190,0.304735,SPEED_DEMON
16400,0.131188,3.320668,0.088560,0.00022488,0.00253925,0.374349,0.304735,SPEED_DEMON
16500,0.636006,3.505502,0.418330,0.00055973,0.00133800,0.368316,0.304735,SPEED_DEMON
16600,0.280826,3.672431,0.387143,0.00053231,0.00137498,0.357551,0.304735,SPEED_DEMON
16700,0.105640,3.821440,0.245336,0.00049960,0.00203638,0.347343,0.304735,SPEED_DEMON
16800,0.058333,3.936730,0.421947,0.00048758,0.00115556,0.338398,0.304735,SPEED_DEMON
16900,0.185991,4.030366,0.432750,0.00050540,0.00116788,0.331144,0.304735,SPEED_DEMON
17000,0.445761,4.165757,0.404364,0.00046027,0.00113825,0.318004,0.304735,SPEED_DEMON
17100,0.359646,4.246704,0.401894,0.00042521,0.00105800,0.309059,0.304735,SPEED_DEMON
17200,0.173040,4.292478,0.252132,0.00039790,0.00157815,0.301554,0.304735,SPEED_DEMON
17300,0.528112,4.334164,0.108886,0.00036848,0.00338403,0.292471,0.304735,SPEED_DEMON
17400,0.347487,4.364319,0.498725,0.00049391,0.00099034,0.283408,0.304735,SPEED_DEMON
17500,0.022391,4.375692,0.432107,0.00048093,0.00111298,0.270537,0.304735,SPEED_DEMON
17600,0.636006,4.378216,0.525007,0.00052384,0.00099777,0.262152,0.304735,SPEED_DEMON
17700,0.448128,4.378729,0.354013,0.00048620,0.00137340,0.256130,0.304735,SPEED_DEMON
17800,0.636006,4.379189,0.387721,0.00053266,0.00137382,0.245569,0.304735,SPEED_DEMON
17900,0.441230,4.381968,0.504766,0.00053177,0.00105350,0.228483,0.304735,SPEED_DEMON
18000,0.454429,4.384807,0.250429,0.00037684,0.00150476,0.219908,0.304735,SPEED_DEMON
18100,0.636006,4.386382,0.608291,0.00076827,0.00126300,0.213298,0.304735,SPEED_DEMON
18200,0.281244,4.510952,0.218500,0.00039278,0.00179761,0.143172,0.304735,EXPLORER
18300,0.245518,4.430830,0.211221,0.00026758,0.00126680,0.074340,0.304735,EXPLORER
18400,0.261382,4.429980,0.211518,0.00026694,0.00126200,0.057637,0.304735,EXPLORER
18500,0.472453,2.098588,0.111461,0.00024881,0.00223225,0.042645,0.304735,EXPLORER
18600,0.266893,1.941657,0.299806,0.00027090,0.00090358,0.028271,0.304735,EXPLORER
18700,0.146376,2.812608,0.324969,0.00027739,0.00085360,0.011116,0.304735,EXPLORER
18800,0.700000,2.101083,0.042516,0.00011952,0.00281106,0.996190,0.000000,EXPLORER
18900,0.232497,2.033386,0.014562,0.00015527,0.01066192,0.987670,0.000000,EXPLORER
19000,0.182779,2.020954,0.306913,0.00020918,0.00068157,0.978189,0.000000,EXPLORER
19100,0.302547,2.088302,0.027933,0.00022212,0.00795181,0.966037,0.000000,EXPLORER
19200,0.342583,1.802368,0.021701,0.00023404,0.01078426,0.953125,0.000000,EXPLORER
19300,0.167819,2.210560,0.143219,0.00022434,0.00156637,0.938330,0.000000,EXPLORER
19400,0.499326,3.173409,0.362895,0.00024565,0.00067692,0.923513,0.000000,EXPLORER
19500,0.283575,2.310059,0.035239,0.00020440,0.00580014,0.905830,0.000000,EXPLORER
19600,0.070360,1.312735,0.171774,0.00036427,0.00212060,0.885482,0.000000,EXPLORER
19700,0.673617,1.950321,0.253713,0.00032149,0.00126714,0.863682,0.000000,EXPLORER
19800,0.163550,2.286843,0.118707,0.00021229,0.00178836,0.847583,0.000000,EXPLORER
19900,0.177455,2.526754,0.200969,0.00022384,0.00111378,0.835097,0.000000,EXPLORER
20000,0.425437,3.123964,0.266815,0.00022925,0.00085921,0.821910,0.000000,EXPLORER
20100,0.412518,2.012298,0.205757,0.00025969,0.00126211,0.808044,0.000000,EXPLORER
20200,0.164554,1.874258,0.042321,0.00020175,0.00476698,0.794627,0.000000,EXPLORER
20300,0.105315,1.998002,0.147260,0.00020317,0.00137964,0.783958,0.000000,EXPLORER
20400,0.075791,4.285255,0.209314,0.00014552,0.00069520,0.773947,0.000000,EXPLORER
20500,0.343885,3.031864,0.167756,0.00018509,0.00110334,0.764347,0.000000,EXPLORER
20600,0.235925,1.995789,0.214532,0.00030786,0.00143500,0.753344,0.000000,EXPLORER
20700,0.700000,3.760802,0.356616,0.00027055,0.00075866,0.736469,0.000000,EXPLORER
20800,0.488762,2.519089,0.205214,0.00022456,0.00109425,0.722343,0.000000,EXPLORER
20900,0.088996,1.631377,0.228118,0.00022640,0.00099248,0.707865,0.000000,EXPLORER
21000,0.671765,2.040179,0.459492,0.00029741,0.00064726,0.691791,0.000000,EXPLORER
21100,0.221593,2.444788,0.166646,0.00035188,0.00211151,0.673986,0.000000,EXPLORER
21200,0.223656,2.962881,0.304470,0.00035812,0.00117622,0.653633,0.000000,EXPLORER
21300,0.138846,2.028391,0.341516,0.00035227,0.00103149,0.633121,0.000000,EXPLORER
21400,0.046599,1.982767,0.307608,0.00035159,0.00114297,0.612289,0.000000,EXPLORER
21500,0.034133,2.467495,0.297883,0.00035466,0.00119061,0.592893,0.000000,EXPLORER
21600,0.277413,2.981563,0.404452,0.00037973,0.00093888,0.573204,0.000000,EXPLORER
21700,0.399630,2.075245,0.434266,0.00037395,0.00086112,0.551715,0.000000,EXPLORER
21800,0.077223,1.988962,0.153562,0.00034913,0.00227354,0.530527,0.000000,EXPLORER
21900,0.400948,2.733158,0.012912,0.00023458,0.01816630,0.515028,0.000000,EXPLORER
22000,0.144221,3.079514,0.044885,0.00020674,0.00460577,0.503154,0.000000,EXPLORER
22100,0.535876,2.041531,0.044112,0.00020366,0.00461674,0.489230,0.000000,EXPLORER
22200,0.149619,1.860855,0.291554,0.00012764,0.00043778,0.478601,0.000000,EXPLORER
22300,0.078401,2.405025,0.061324,0.00021959,0.00358078,0.466312,0.000000,EXPLORER
22400,0.447570,2.990746,0.248692,0.00023122,0.00092973,0.452827,0.000000,EXPLORER
22500,0.334462,1.971148,0.181996,0.00026303,0.00144522,0.437080,0.000000,EXPLORER
22600,0.319905,1.857782,0.280461,0.00033613,0.00119847,0.422560,0.000000,EXPLORER
22700,0.131010,2.330341,0.587068,0.00036795,0.00062676,0.403731,0.000000,EXPLORER
22800,0.073991,3.107055,0.333599,0.00035970,0.00107824,0.381641,0.000000,EXPLORER
22900,0.532287,2.117532,0.252233,0.00029474,0.00116851,0.359921,0.000000,EXPLORER
23000,0.351884,1.967174,0.227490,0.00015162,0.00066648,0.344750,0.000000,EXPLORER
23100,0.271190,2.594550,0.257444,0.00015517,0.00060275,0.335551,0.000000,EXPLORER
23200,0.285573,2.918470,0.165021,0.00020882,0.00126541,0.325148,0.000000,EXPLORER
23300,0.169141,2.045958,0.289306,0.00020147,0.00069639,0.311878,0.000000,EXPLORER
23400,0.573510,1.874768,0.539775,0.00030630,0.00056746,0.297878,0.000000,EXPLORER
23500,0.139046,2.661809,0.258715,0.00026626,0.00102915,0.282326,0.000000,EXPLORER
23600,0.412199,1.716782,0.467565,0.00035269,0.00075431,0.262245,0.000000,EXPLORER
23700,0.700000,1.661320,0.358359,0.00037017,0.00103296,0.240366,0.000000,EXPLORER
23800,0.134072,2.475164,0.250840,0.00035380,0.00141047,0.217842,0.000000,EXPLORER
23900,0.336215,3.141637,0.156204,0.00029549,0.00189168,0.196499,0.000000,EXPLORER
24000,0.259020,3.665817,0.304034,0.00028277,0.00093006,0.179080,0.000000,EXPLORER
24100,0.260087,1.993764,0.236631,0.00027058,0.00114347,0.161513,0.000000,EXPLORER
24200,0.106989,1.836528,0.272696,0.00027000,0.00099010,0.146057,0.000000,EXPLORER
24300,0.242538,2.856610,0.234754,0.00027662,0.00117833,0.129520,0.000000,EXPLORER
24400,0.181532,3.284272,0.242763,0.00025948,0.00106888,0.111615,0.000000,EXPLORER
24500,0.366028,2.635213,0.289154,0.00027625,0.00095535,0.058491,0.000000,EXPLORER
24600,0.700000,3.530048,0.432405,0.00035793,0.00082776,0.953935,0.000000,EXPLORER
24700,0.118025,2.394548,0.074348,0.00028142,0.00378516,0.878041,0.000000,EXPLORER
24800,0.143542,3.751842,0.180450,0.00023228,0.00128720,0.839935,0.000000,EXPLORER
24900,0.700000,2.058140,0.178560,0.00028678,0.00160608,0.824545,0.000000,EXPLORER
25000,0.040594,1.934154,0.314635,0.00022164,0.00070443,0.811510,0.000000,EXPLORER
25100,0.126193,2.059970,0.242407,0.00022111,0.00091213,0.799633,0.000000,EXPLORER
25200,0.109652,2.801447,0.180465,0.00022529,0.00124838,0.784266,0.000000,EXPLORER
25300,0.126884,1.564475,0.240632,0.00022107,0.00091871,0.715677,0.000000,EXPLORER
25400,0.118306,5.969689,0.255511,0.00024861,0.00097300,0.666276,0.000000,EXPLORER
25500,0.120741,4.003199,0.315504,0.00036880,0.00116893,0.583257,0.000000,EXPLORER
25600,0.055625,2.912414,0.177565,0.00028768,0.00162014,0.430124,0.000000,EXPLORER
25700,0.098631,2.431046,0.051133,0.00012988,0.00254007,0.338585,0.000000,EXPLORER
25800,0.151419,3.445741,0.338163,0.00025951,0.00076741,0.270703,0.000000,EXPLORER
25900,0.104165,3.104560,0.088439,0.00026838,0.00303463,0.159923,0.000000,EXPLORER
26000,0.695537,2.745429,0.070843,0.00026886,0.00379518,0.063568,0.021254,EXPLORER
26100,0.138588,1.885045,0.040515,0.00013149,0.00324532,0.341905,0.021254,EXPLORER
26200,0.177176,1.786789,0.023294,0.00018082,0.00776209,0.293231,0.021254,EXPLORER
26300,0.142628,2.657461,0.039518,0.00002591,0.00065551,0.232827,0.021254,EXPLORER
26400,0.016636,2.843717,0.030957,0.00004743,0.00153213,0.215062,0.021254,EXPLORER
26500,0.079986,2.061329,0.018831,0.00003773,0.00200344,0.201226,0.021254,EXPLORER
26600,0.204631,2.830943,0.243331,0.00025732,0.00105750,0.124940,0.021254,EXPLORER
26700,0.199086,2.564688,0.182664,0.00025361,0.00138837,0.037557,0.021254,EXPLORER
26800,0.700000,1.929601,0.007313,0.00012400,0.01695478,0.971961,0.000000,EXPLORER
26900,0.399345,3.243666,0.372793,0.00030273,0.00081207,0.919665,0.000000,EXPLORER
27000,0.700000,2.814133,0.464413,0.00029548,0.00063623,0.806303,0.000000,EXPLORER
27100,0.700000,2.898640,0.086484,0.00018966,0.00219295,0.731310,0.000000,EXPLORER
27200,0.700000,2.508911,0.044941,0.00013121,0.00291951,0.671901,0.000000,EXPLORER
27300,0.700000,1.803977,0.199402,0.00018393,0.00092238,0.617647,0.000000,EXPLORER
27400,0.700000,2.440798,0.006483,0.00018512,0.02855076,0.567773,0.000000,EXPLORER
27500,0.700000,2.682861,0.016767,0.00013201,0.00787227,0.516210,0.000000,EXPLORER
27600,0.230636,2.441163,0.064290,0.00013097,0.00203710,0.463184,0.000000,EXPLORER
27700,0.700000,1.798093,0.058237,0.00018091,0.00310641,0.407128,0.000000,EXPLORER
27800,0.506959,2.403453,0.105508,0.00018650,0.00176766,0.354703,0.000000,EXPLORER
27900,0.700000,3.346267,0.196978,0.00018557,0.00094207,0.304700,0.000000,EXPLORER
28000,0.700000,3.449300,0.172771,0.00020875,0.00120825,0.239369,0.000000,EXPLORER
28100,0.209750,2.739041,0.175744,0.00013751,0.00078241,0.177267,0.000000,EXPLORER
28200,0.088295,2.423604,0.448811,0.00025009,0.00055722,0.107283,0.000000,EXPLORER
28300,0.423146,3.741192,0.326445,0.00014371,0.00044022,0.072531,0.000000,EXPLORER
28400,0.139182,3.702538,0.138031,0.00014103,0.00102173,0.063902,0.000000,EXPLORER
28500,0.700000,2.440494,0.012295,0.00018523,0.01506400,0.052632,0.000000,EXPLORER
28600,0.698506,2.073815,0.012157,0.00012583,0.01034902,0.042783,0.000000,EXPLORER
28700,0.593203,2.148819,0.210006,0.00013023,0.00062014,0.032876,0.000000,EXPLORER
28800,0.700000,3.202808,0.016068,0.00013560,0.00843854,0.023763,0.000000,EXPLORER
28900,0.378034,2.197418,0.029356,0.00013347,0.00454653,0.015151,0.000000,EXPLORER
29000,0.700000,2.034330,0.005562,0.00018227,0.03276328,0.006451,0.000000,EXPLORER
29100,0.700000,1.959184,0.004166,0.00013529,0.03246663,0.998691,0.000000,EXPLORER
29200,0.237872,1.960520,0.244595,0.00018579,0.00075958,0.990152,0.000000,EXPLORER
29300,0.525487,1.940971,0.181586,0.00019922,0.00109708,0.978723,0.000000,EXPLORER
29400,0.374652,1.995189,0.194265,0.00019994,0.00102921,0.967352,0.000000,EXPLORER
29500,0.226416,1.750967,0.175922,0.00022389,0.00127267,0.952558,0.000000,EXPLORER
29600,0.158350,1.798899,0.188755,0.00024391,0.00129222,0.939750,0.000000,EXPLORER
29700,0.700000,1.704074,0.201813,0.00024808,0.00122922,0.924649,0.000000,EXPLORER
29800,0.276937,1.956847,0.088610,0.00018318,0.00206724,0.911423,0.000000,EXPLORER
29900,0.091090,1.476171,0.248764,0.00034658,0.00139320,0.892641,0.000000,EXPLORER
30000,0.252757,1.850283,0.032159,0.00005606,0.00174317,0.884692,0.000000,EXPLORER
30100,0.610564,2.005114,0.023053,0.00005462,0.00236932,0.881601,0.000000,EXPLORER
30200,0.700000,2.287256,0.278424,0.00031312,0.00112461,0.875920,0.000000,EXPLORER
30300,0.287508,2.193148,0.138254,0.00021149,0.00152969,0.859316,0.000000,EXPLORER
30400,0.114783,2.113540,0.077493,0.00019915,0.00256993,0.848542,0.000000,EXPLORER
30500,0.376078,2.000961,0.307080,0.00020169,0.00065681,0.836781,0.000000,EXPLORER
30600,0.021763,1.976042,0.210050,0.00020003,0.00095227,0.825187,0.000000,EXPLORER
30700,0.098901,2.089874,0.179825,0.00020031,0.00111390,0.813605,0.000000,EXPLORER
30800,0.103586,2.512671,0.171166,0.00020329,0.00118768,0.799746,0.000000,EXPLORER
30900,0.700000,2.053525,0.067919,0.00022774,0.00335301,0.780691,0.000000,EXPLORER
31000,0.672724,1.983906,0.106210,0.00023971,0.00225691,0.765767,0.000000,EXPLORER
31100,0.634540,2.103685,0.268801,0.00023488,0.00087379,0.751226,0.000000,EXPLORER
31200,0.059978,2.865893,0.068530,0.00020448,0.00298381,0.737496,0.000000,EXPLORER
31300,0.328907,2.014433,0.090339,0.00023206,0.00256880,0.722044,0.000000,EXPLORER
31400,0.409591,1.864266,0.588898,0.00033924,0.00057606,0.704391,0.000000,EXPLORER
31500,0.219170,2.547455,0.332729,0.00035498,0.00106686,0.686858,0.000000,EXPLORER
31600,0.059850,2.998060,0.305680,0.00035868,0.00117338,0.668284,0.000000,EXPLORER
31700,0.399194,2.037888,0.469574,0.00035434,0.00075459,0.647855,0.000000,EXPLORER
31800,0.180676,1.885867,0.259015,0.00035005,0.00135145,0.628882,0.000000,EXPLORER
31900,0.084230,2.560816,0.294764,0.00035523,0.00120513,0.611596,0.000000,EXPLORER
32000,0.100961,3.016976,0.314406,0.00035878,0.00114114,0.591566,0.000000,EXPLORER
32100,0.096608,2.023738,0.328445,0.00035208,0.00107195,0.568956,0.000000,EXPLORER
32200,0.037481,1.929472,0.323974,0.00035143,0.00108476,0.548898,0.000000,EXPLORER
32300,0.575512,2.715936,0.417516,0.00033617,0.00080516,0.528979,0.000000,EXPLORER
32400,0.364152,3.041116,0.075150,0.00004588,0.00061047,0.518175,0.000000,EXPLORER
32500,0.611123,2.033329,0.009585,0.00018252,0.01904045,0.509186,0.000000,EXPLORER
32600,0.310769,1.949219,0.221194,0.00024511,0.00110810,0.500372,0.000000,EXPLORER
32700,0.121201,2.049077,0.021116,0.00009260,0.00438529,0.492267,0.000000,EXPLORER
32800,0.599521,2.799535,0.028678,0.00007811,0.00272346,0.487595,0.000000,EXPLORER
32900,0.700000,2.051981,0.003747,0.00018238,0.04866101,0.479218,0.000000,EXPLORER
33000,0.545164,2.023079,0.070121,0.00018344,0.00261602,0.471853,0.000000,EXPLORER
33100,0.210378,2.025269,0.108702,0.00007443,0.00068471,0.466984,0.000000,EXPLORER
33200,0.052907,2.158433,0.075150,0.00006127,0.00081531,0.462481,0.000000,EXPLORER
33300,0.058685,1.993431,0.037403,0.00004314,0.00115341,0.459359,0.000000,EXPLORER
33400,0.010021,1.966132,0.016218,0.00004448,0.00274250,0.456668,0.000000,EXPLORER
33500,0.052464,1.922753,0.016852,0.00003674,0.00217975,0.454665,0.000000,EXPLORER
33600,0.062267,1.916966,0.018487,0.00003670,0.00198503,0.452568,0.000000,EXPLORER
33700,0.700000,1.957943,0.097987,0.00003820,0.00038985,0.447788,0.000000,EXPLORER
33800,0.209556,1.966221,0.064325,0.00003774,0.00058673,0.442430,0.000000,EXPLORER
33900,0.127763,1.898746,0.027582,0.00004149,0.00150415,0.439885,0.000000,EXPLORER
34000,0.033017,2.122363,0.017225,0.00003843,0.00223078,0.437780,0.000000,EXPLORER
34100,0.196679,2.032846,0.016075,0.00021068,0.01310532,0.431852,0.000000,EXPLORER
34200,0.274949,1.966415,0.217197,0.00024024,0.00110610,0.421932,0.000000,EXPLORER
34300,0.341832,2.013606,0.116470,0.00007359,0.00063184,0.415654,0.000000,EXPLORER
34400,0.700000,2.843205,0.005599,0.00013291,0.02373607,0.407451,0.000000,EXPLORER
34500,0.700000,1.980855,0.022730,0.00013241,0.00582513,0.398774,0.000000,EXPLORER
34600,0.700000,1.894955,0.010100,0.00018128,0.01794560,0.389829,0.000000,EXPLORER
34700,0.700000,2.041317,0.009814,0.00018229,0.01857300,0.381212,0.000000,EXPLORER
34800,0.700000,2.884324,0.010589,0.00013329,0.01258666,0.372539,0.000000,EXPLORER
34900,0.700000,2.013713,0.038230,0.00007868,0.00205805,0.364325,0.000000,EXPLORER
35000,0.107764,1.927752,0.116099,0.00005400,0.00046508,0.356587,0.000000,EXPLORER
35100,0.201819,1.988741,0.009213,0.00007005,0.00760313,0.351302,0.000000,EXPLORER
35200,0.125419,2.766545,0.140120,0.00018942,0.00135186,0.343167,0.000000,EXPLORER
35300,0.461012,2.036856,0.187838,0.00017748,0.00094486,0.332040,0.000000,EXPLORER
35400,0.209375,1.921650,0.165152,0.00019815,0.00119982,0.321194,0.000000,EXPLORER
35500,0.161826,2.201794,0.169704,0.00020069,0.00118257,0.310448,0.000000,EXPLORER
35600,0.126004,2.930258,0.177390,0.00020616,0.00116219,0.299402,0.000000,EXPLORER
35700,0.132872,1.962066,0.177680,0.00019939,0.00112220,0.286958,0.000000,EXPLORER
35800,0.327858,1.840887,0.520260,0.00034644,0.00066589,0.269746,0.000000,EXPLORER
35900,0.275806,2.641321,0.293143,0.00034652,0.00118207,0.253046,0.000000,EXPLORER
36000,0.477893,2.923414,0.296633,0.00032762,0.00110447,0.234096,0.000000,EXPLORER
36100,0.073145,2.019750,0.318154,0.00035187,0.00110598,0.212941,0.000000,EXPLORER
36200,0.410320,1.872046,0.260609,0.00026600,0.00102069,0.192839,0.000000,EXPLORER
36300,0.059029,1.829053,0.196325,0.00024881,0.00126733,0.173904,0.000000,EXPLORER
36400,0.070288,1.882380,0.235673,0.00024970,0.00105951,0.156439,0.000000,EXPLORER
36500,0.347893,2.071706,0.232925,0.00025089,0.00107714,0.141008,0.000000,EXPLORER
36600,0.099595,1.981851,0.237642,0.00025041,0.00105371,0.125708,0.000000,EXPLORER
36700,0.346399,2.236078,0.217819,0.00025138,0.00115409,0.111776,0.000000,EXPLORER
36800,0.095059,2.992416,0.298691,0.00025839,0.00086507,0.095922,0.000000,EXPLORER
36900,0.376368,2.162118,0.015374,0.00008782,0.00571181,0.078644,0.000000,EXPLORER
37000,0.700000,1.904298,0.022732,0.00003676,0.00161700,0.065855,0.000000,EXPLORER
37100,0.163223,2.775298,0.058283,0.00004306,0.00073878,0.061360,0.000000,EXPLORER
37200,0.059567,3.083906,0.040476,0.00004517,0.00111593,0.058019,0.000000,EXPLORER
37300,0.700000,2.041406,0.110263,0.00024812,0.00225023,0.053324,0.000000,EXPLORER
37400,0.007307,2.969312,0.028850,0.00004418,0.00153127,0.039644,0.000000,EXPLORER
37500,0.145394,2.085409,0.197557,0.00025588,0.00129519,0.992142,0.000000,EXPLORER
37600,0.028321,3.275359,0.291351,0.00027269,0.00093595,0.917217,0.000000,EXPLORER
37700,0.066444,2.161783,0.011501,0.00004277,0.00371884,0.848542,0.000000,EXPLORER
37800,0.050353,2.287424,0.046882,0.00003967,0.00084618,0.829915,0.000000,EXPLORER
37900,0.014598,2.211187,0.027880,0.00005187,0.00186037,0.805611,0.000000,EXPLORER
38000,0.184739,2.906872,0.175362,0.00033535,0.00191234,0.757597,0.000000,EXPLORER
38100,0.700000,2.230260,0.004085,0.00012862,0.03148242,0.680661,0.000000,EXPLORER
38200,0.700000,2.393208,0.012432,0.00018480,0.01486375,0.628848,0.000000,EXPLORER
38300,0.700000,1.473468,0.015885,0.00006858,0.00431714,0.579743,0.000000,EXPLORER
38400,0.700000,2.590382,0.007316,0.00007635,0.01043490,0.532106,0.000000,EXPLORER
38500,0.700000,2.392818,0.027367,0.00012992,0.00474725,0.481269,0.000000,EXPLORER
38600,0.700000,1.910801,0.036254,0.00018171,0.00501200,0.432927,0.000000,EXPLORER
38700,0.608387,2.359279,0.042088,0.00007520,0.00178664,0.385169,0.000000,EXPLORER
38800,0.700000,3.259813,0.025715,0.00013611,0.00529280,0.342411,0.000000,EXPLORER
38900,0.166510,2.381928,0.042335,0.00007464,0.00176298,0.293740,0.000000,EXPLORER
39000,0.700000,2.552931,0.004516,0.00018586,0.04114647,0.255685,0.000000,EXPLORER
39100,0.700000,3.468212,0.019642,0.00019259,0.00980451,0.210655,0.000000,EXPLORER
39200,0.260741,3.033489,0.027584,0.00007941,0.00287886,0.163386,0.000000,EXPLORER
39300,0.700000,2.205587,0.060480,0.00018427,0.00304673,0.115242,0.000000,EXPLORER
39400,0.589364,2.489837,0.057315,0.00018647,0.00325332,0.078019,0.000000,EXPLORER
39500,0.086622,3.645424,0.072329,0.00008472,0.00117132,0.034887,0.000000,EXPLORER
39600,0.248050,1.896352,0.238872,0.00018525,0.00077550,0.983089,0.000000,EXPLORER
39700,0.261464,2.043146,0.112577,0.00012603,0.00111949,0.935481,0.000000,EXPLORER
39800,0.261413,2.342911,0.175590,0.00031160,0.00177458,0.838865,0.000000,EXPLORER
39900,0.700000,3.415300,0.350030,0.00022948,0.00065559,0.745106,0.000000,EXPLORER
40000,0.091962,2.830084,0.157017,0.00030979,0.00197295,0.656992,0.000000,EXPLORER
40100,0.700000,2.038613,0.018039,0.00005378,0.00298110,0.594849,0.000000,EXPLORER
40200,0.700000,3.044648,0.109549,0.00008088,0.00073828,0.567124,0.000000,EXPLORER
40300,0.393073,3.150852,0.031673,0.00017837,0.00563142,0.510073,0.000000,EXPLORER
40400,0.126999,3.316302,0.138505,0.00018772,0.00135531,0.464548,0.000000,EXPLORER
40500,0.279767,1.873700,0.115353,0.00021552,0.00186830,0.393147,0.000000,EXPLORER
40600,0.700000,3.029586,0.213165,0.00018847,0.00088415,0.310210,0.000000,EXPLORER
40700,0.213293,2.371249,0.317336,0.00022866,0.00072057,0.220221,0.000000,EXPLORER
40800,0.065426,1.034608,0.344453,0.00024579,0.00071357,0.186680,0.041216,EXPLORER
40900,0.120555,3.031381,0.240040,0.00025779,0.00107392,0.167347,0.041216,EXPLORER
41000,0.289857,1.748147,0.224002,0.00024843,0.00110906,0.148069,0.041216,EXPLORER
41100,0.073490,2.920094,0.226205,0.00025670,0.00113481,0.129135,0.041216,EXPLORER
41200,0.056773,3.369850,0.227074,0.00025998,0.00114489,0.109968,0.041216,EXPLORER
41300,0.038070,2.483644,0.278027,0.00025444,0.00091517,0.023985,0.041216,EXPLORER
41400,0.490136,2.052690,0.408885,0.00012008,0.00029369,0.961515,0.000000,EXPLORER
41500,0.257957,2.462502,0.001280,0.00013054,0.10186395,0.913120,0.000000,EXPLORER
41600,0.112900,2.108647,0.029651,0.00009786,0.00330038,0.846387,0.000000,EXPLORER
41700,0.442943,2.093919,0.021549,0.00005588,0.00259300,0.818866,0.000000,EXPLORER
41800,0.080359,2.965640,0.004095,0.00004378,0.01068861,0.794126,0.000000,EXPLORER
41900,0.700000,2.969108,0.037193,0.00004431,0.00119129,0.775005,0.000000,EXPLORER
42000,0.214855,3.032178,0.013601,0.00004442,0.00326592,0.745045,0.000000,EXPLORER
42100,0.284540,2.166519,0.037795,0.00006913,0.00182896,0.710060,0.000000,EXPLORER
42200,0.510988,3.003510,0.016680,0.00005987,0.00358890,0.689662,0.000000,EXPLORER
42300,0.009794,2.174932,0.020825,0.00003860,0.00185342,0.669690,0.000000,EXPLORER
42400,0.064624,3.095533,0.189673,0.00021563,0.00113684,0.597926,0.000000,EXPLORER
42500,0.373614,1.793445,0.492515,0.00033401,0.00067816,0.573021,0.000000,EXPLORER
42600,0.025686,2.207366,0.270622,0.00035226,0.00130166,0.545098,0.000000,EXPLORER
42700,0.322632,2.752882,0.017061,0.00018773,0.01100253,0.493855,0.000000,EXPLORER
42800,0.700000,2.645506,0.074340,0.00007765,0.00104454,0.447357,0.000000,EXPLORER
42900,0.700000,3.046255,0.029697,0.00018978,0.00639028,0.397981,0.000000,EXPLORER
43000,0.633029,2.565167,0.056780,0.00007618,0.00134173,0.358624,0.000000,EXPLORER
43100,0.445522,3.257800,0.225858,0.00018926,0.00083796,0.301991,0.000000,EXPLORER
43200,0.145072,3.679059,0.314452,0.00035277,0.00112184,0.207847,0.000000,EXPLORER
43300,0.033049,2.703855,0.248505,0.00025648,0.00103207,0.086336,0.000000,EXPLORER
43400,0.174888,1.915758,0.102025,0.00012934,0.00126771,0.988422,0.000000,EXPLORER
43500,0.407013,3.275923,0.040673,0.00019202,0.00472082,0.922208,0.000000,EXPLORER
43600,0.107682,2.436825,0.249675,0.00028736,0.00115093,0.848309,0.000000,EXPLORER
43700,0.158914,2.133950,0.172253,0.00027210,0.00157962,0.757337,0.000000,EXPLORER
43800,0.035656,3.269234,0.177226,0.00020881,0.00117821,0.689762,0.000000,EXPLORER
43900,0.454057,2.885922,0.250496,0.00028105,0.00112198,0.605797,0.000000,EXPLORER
44000,0.700000,3.480834,0.297729,0.00032150,0.00107982,0.497979,0.000000,EXPLORER
44100,0.127738,2.541652,0.192677,0.00010956,0.00056861,0.779505,0.000000,EXPLORER
44200,0.543014,2.680750,0.198418,0.00020471,0.00103169,0.731240,0.000000,EXPLORER
44300,0.340665,2.544597,0.027952,0.00014219,0.00508684,0.652627,0.000000,EXPLORER
44400,0.534667,2.987728,0.119878,0.00020912,0.00174445,0.592064,0.020549,EXPLORER
44500,0.695685,2.338263,0.062485,0.00004132,0.00066130,0.514513,0.020549,EXPLORER
44600,0.036146,3.056944,0.010765,0.00008500,0.00789503,0.496935,0.020549,EXPLORER
44700,0.695685,3.351724,0.174688,0.00021013,0.00120286,0.444194,0.020549,EXPLORER
44800,0.695685,2.735751,0.130850,0.00018890,0.00144362,0.392569,0.020549,EXPLORER
44900,0.695685,1.707122,0.051850,0.00018067,0.00348441,0.340803,0.020549,EXPLORER
45000,0.695685,2.612173,0.089118,0.00018753,0.00210425,0.297501,0.020549,EXPLORER
45100,0.695685,2.143295,0.038245,0.00012923,0.00337891,0.254183,0.020549,EXPLORER
45200,0.695685,1.755600,0.016717,0.00018103,0.01082820,0.209379,0.020549,EXPLORER
45300,0.221550,2.266917,0.004024,0.00012990,0.03227103,0.162240,0.020549,EXPLORER
45400,0.695685,2.694376,0.015386,0.00018706,0.01215665,0.114500,0.020549,EXPLORER
45500,0.429598,1.612030,0.085062,0.00012576,0.00147844,0.069284,0.020549,EXPLORER
45600,0.695685,2.861411,0.007250,0.00007816,0.01077876,0.024304,0.020549,EXPLORER
45700,0.700000,1.921373,0.034012,0.00012933,0.00380233,0.978241,0.000000,EXPLORER
45800,0.096562,2.650300,0.025196,0.00013602,0.00539824,0.937010,0.000000,EXPLORER
45900,0.700000,2.879446,0.363133,0.00020844,0.00057401,0.872886,0.000000,EXPLORER
46000,0.486113,3.102555,0.222579,0.00034687,0.00155842,0.790956,0.000000,EXPLORER
46100,0.097669,2.027984,0.033095,0.00003820,0.00115432,0.758384,0.000000,EXPLORER
46200,0.007809,2.981448,0.019652,0.00004416,0.00224713,0.744682,0.000000,EXPLORER
46300,0.404234,3.007022,0.225674,0.00004701,0.00020830,0.728281,0.000000,EXPLORER
46400,0.020670,2.375259,0.017308,0.00003989,0.00230482,0.711256,0.000000,EXPLORER
46500,0.018396,2.048557,0.040458,0.00003791,0.00093705,0.693637,0.000000,EXPLORER
46600,0.700000,2.950453,0.213078,0.00020912,0.00098143,0.668203,0.000000,EXPLORER
46700,0.328362,3.291282,0.148554,0.00022244,0.00149734,0.598582,0.000000,EXPLORER
46800,0.149709,1.942549,0.281388,0.00021003,0.00074640,0.530068,0.000000,EXPLORER
46900,0.151634,1.644349,0.166045,0.00020419,0.00122972,0.439712,0.000000,EXPLORER
47000,0.140167,2.700592,0.284496,0.00016527,0.00058091,0.394345,0.000000,EXPLORER
47100,0.128645,2.855755,0.038932,0.00013144,0.00337601,0.335104,0.000000,EXPLORER
47200,0.271319,1.298901,0.030381,0.00020150,0.00663216,0.282484,0.000000,EXPLORER
47300,0.700000,3.103122,0.074920,0.00028312,0.00377892,0.177594,0.000000,EXPLORER
47400,0.700000,3.728669,0.227474,0.00026273,0.00115498,0.082575,0.000000,EXPLORER
47500,0.181708,1.974470,0.130239,0.00014868,0.00114162,0.988602,0.000000,EXPLORER
47600,0.409624,3.288727,0.089867,0.00019267,0.00214391,0.919118,0.000000,EXPLORER
47700,0.051240,2.102988,0.383483,0.00026477,0.00069042,0.825014,0.000000,EXPLORER
47800,0.700000,2.752745,0.066271,0.00018840,0.00284288,0.753956,0.000000,EXPLORER
47900,0.320734,2.475932,0.007389,0.00013077,0.01769575,0.698257,0.000000,EXPLORER
48000,0.700000,2.561642,0.014417,0.00018614,0.01291037,0.646317,0.000000,EXPLORER
48100,0.700000,1.789418,0.085384,0.00018191,0.00213046,0.595404,0.000000,EXPLORER
48200,0.176372,2.590761,0.022455,0.00013147,0.00585478,0.541876,0.000000,EXPLORER
48300,0.120832,3.325711,0.178198,0.00020424,0.00114613,0.489256,0.000000,EXPLORER
48400,0.700000,3.233160,0.319447,0.00032321,0.00101177,0.386630,0.000000,EXPLORER
48500,0.059042,2.544806,0.488800,0.00032482,0.00066453,0.312298,0.000000,EXPLORER
48600,0.201915,3.112383,0.200512,0.00031881,0.00158997,0.187544,0.000000,EXPLORER
48700,0.700000,3.066902,0.123286,0.00021289,0.00172678,0.126252,0.000000,EXPLORER
48800,0.104540,4.245202,0.190457,0.00025611,0.00134472,0.036566,0.000257,EXPLORER
48900,0.380891,1.379898,0.312352,0.00012737,0.00040776,0.337533,0.026843,EXPLORER
49000,0.219538,3.396289,0.331877,0.00032787,0.00098793,0.266075,0.026843,EXPLORER
49100,0.117098,3.597815,0.016079,0.00007527,0.00468079,0.166317,0.029035,EXPLORER
49200,0.693903,3.054413,0.018224,0.00006883,0.00377644,0.141146,0.029035,EXPLORER
49300,0.693903,2.315573,0.036702,0.00007232,0.00197049,0.123483,0.029035,EXPLORER
49400,0.194889,2.638142,0.349846,0.00013947,0.00039867,0.088413,0.029035,EXPLORER
49500,0.010273,2.716547,0.001114,0.00005794,0.05197501,0.047787,0.176630,EXPLORER
49600,0.662908,3.412386,0.028039,0.00013738,0.00489924,0.028486,0.176630,EXPLORER
49700,0.496715,1.884647,0.257654,0.00031425,0.00121964,0.960478,0.000000,EXPLORER
49800,0.126946,2.651319,0.043927,0.00004220,0.00096072,0.894311,0.000000,EXPLORER
49900,0.023792,3.132927,0.001579,0.00005016,0.03174013,0.881004,0.000000,EXPLORER
50000,0.381310,2.832514,0.037666,0.00004975,0.00132077,0.866184,0.000000,EXPLORER
50100,0.128992,2.138203,0.045112,0.00004194,0.00092965,0.840032,0.000000,EXPLORER
50200,0.013662,2.685397,0.017998,0.00004202,0.00233483,0.827744,0.000000,EXPLORER
50300,0.010192,2.900396,0.019936,0.00004360,0.00218687,0.813906,0.000000,EXPLORER
50400,0.007094,2.957584,0.020055,0.00004402,0.00219480,0.799519,0.000000,EXPLORER
50500,0.018250,1.925110,0.018347,0.00003675,0.00200287,0.786245,0.000000,EXPLORER
50600,0.691855,2.956878,0.464423,0.00033866,0.00072920,0.965143,0.038788,EXPLORER
50700,0.345230,3.016350,0.272146,0.00036170,0.00132906,0.887403,0.038788,EXPLORER
50800,0.691855,1.303116,0.187615,0.00023508,0.00125299,0.823717,0.038788,EXPLORER
50900,0.052264,2.037991,0.001829,0.00002758,0.01506842,0.791087,0.038788,EXPLORER
51000,0.554675,2.032391,0.161751,0.00003863,0.00023880,0.763208,0.038788,EXPLORER
51100,0.478156,2.402622,0.083563,0.00004073,0.00048746,0.745080,0.038788,EXPLORER
51200,0.128469,2.619317,0.067003,0.00004225,0.00063053,0.732580,0.038788,EXPLORER
51300,0.428425,2.019620,0.021262,0.00002799,0.00131629,0.708481,0.038788,EXPLORER
51400,0.270254,1.853301,0.091106,0.00002859,0.00031385,0.695503,0.038788,EXPLORER
51500,0.376142,3.111135,0.078133,0.00004543,0.00058143,0.677276,0.038788,EXPLORER
51600,0.255379,3.147699,0.065899,0.00003790,0.00057510,0.665180,0.038788,EXPLORER
51700,0.253454,1.399052,0.185996,0.00022348,0.00120150,0.625214,0.038788,EXPLORER
51800,0.241855,3.272927,0.351316,0.00027369,0.00077905,0.546135,0.038788,EXPLORER
51900,0.691855,1.778857,0.201023,0.00024748,0.00123110,0.447776,0.038788,EXPLORER
52000,0.364915,3.621090,0.031489,0.00013926,0.00442242,0.395277,0.038788,EXPLORER
52100,0.348202,2.845618,0.127886,0.00012525,0.00097940,0.343421,0.038788,EXPLORER
52200,0.691855,3.891874,0.164028,0.00035493,0.00216384,0.268683,0.038788,EXPLORER
52300,0.103400,1.919418,0.226461,0.00023350,0.00103108,0.507673,0.069535,EXPLORER
52400,0.104041,2.858983,0.305229,0.00037137,0.00121670,0.408133,0.069535,EXPLORER
52500,0.365068,3.215566,0.345369,0.00035641,0.00103198,0.285009,0.069535,EXPLORER
52600,0.064521,3.329025,0.251048,0.00029349,0.00116908,0.156053,0.069535,EXPLORER
52700,0.685398,3.699830,0.141801,0.00027730,0.00195557,0.066480,0.069535,EXPLORER
52800,0.145706,1.817592,0.047647,0.00013522,0.00283780,0.994589,0.000000,EXPLORER
52900,0.323465,2.228788,0.018932,0.00014894,0.00786669,0.950876,0.000000,EXPLORER
53000,0.358282,3.094013,0.244017,0.00021585,0.00088456,0.888933,0.000000,EXPLORER
53100,0.180859,2.394251,0.341961,0.00037338,0.00109188,0.780494,0.000000,EXPLORER
53200,0.160551,3.724571,0.001955,0.00013911,0.07110687,0.701593,0.000000,EXPLORER
53300,0.700000,1.886306,0.218337,0.00014126,0.00064698,0.966122,0.000000,EXPLORER
53400,0.432143,1.887640,0.135721,0.00036531,0.00269159,0.867465,0.000000,EXPLORER
53500,0.700000,2.951790,0.061648,0.00025005,0.00405604,0.768002,0.000000,EXPLORER
53600,0.700000,3.270585,0.143413,0.00026702,0.00186187,0.701611,0.000000,EXPLORER
53700,0.700000,2.909692,0.133089,0.00033712,0.00253306,0.591219,0.000000,EXPLORER
53800,0.700000,3.894632,0.287713,0.00022632,0.00078663,0.509266,0.000000,EXPLORER
53900,0.539383,3.361313,0.172781,0.00021764,0.00125963,0.442473,0.000000,EXPLORER
54000,0.700000,2.095986,0.383011,0.00034795,0.00090847,0.350364,0.000000,EXPLORER
54100,0.152225,2.353902,0.034477,0.00013965,0.00405053,0.277402,0.000000,EXPLORER
54200,0.127712,1.764852,0.198283,0.00021131,0.00106568,0.572419,0.000000,EXPLORER
54300,0.060759,1.892942,0.004520,0.00003940,0.00871456,0.515536,0.000000,EXPLORER
54400,0.152200,3.243283,0.029829,0.00004349,0.00145795,0.498395,0.000000,EXPLORER
54500,0.155322,2.186920,0.033769,0.00005452,0.00161458,0.479913,0.000000,EXPLORER
54600,0.323435,3.245642,0.192963,0.00021619,0.00112035,0.434812,0.000000,EXPLORER
54700,0.184324,1.754949,0.196951,0.00019919,0.00101136,0.365877,0.000000,EXPLORER
54800,0.422747,2.856380,0.238473,0.00028457,0.00119329,0.253914,0.000000,EXPLORER
54900,0.700000,2.725479,0.045690,0.00006998,0.00153150,0.188163,0.000000,EXPLORER
55000,0.124226,3.142224,0.242995,0.00022849,0.00094031,0.121099,0.025797,EXPLORER
55100,0.066949,4.169343,0.231926,0.00026427,0.00113947,0.034155,0.025797,EXPLORER
55200,0.692896,1.490370,0.310119,0.00010900,0.00035147,0.957029,0.033828,EXPLORER
55300,0.110278,1.687486,0.159350,0.00015742,0.00098790,0.920641,0.033828,EXPLORER
55400,0.144665,3.384484,0.192915,0.00036446,0.00188922,0.836127,0.033828,EXPLORER
55500,0.616851,2.300742,0.039669,0.00003916,0.00098710,0.792192,0.033828,EXPLORER
55600,0.165593,3.297079,0.147208,0.00004818,0.00032730,0.771666,0.033828,EXPLORER
55700,0.692896,2.249354,0.153979,0.00023031,0.00149571,0.748528,0.033828,EXPLORER
55800,0.344435,3.538891,0.139876,0.00023021,0.00164580,0.680418,0.050485,EXPLORER
55900,0.671054,2.615194,0.145557,0.00011913,0.00081847,0.603975,0.137836,EXPLORER
56000,0.372098,5.499401,0.204060,0.00016801,0.00082334,0.568175,0.137836,EXPLORER
56100,0.091063,3.258404,0.167183,0.00020532,0.00122811,0.518085,0.561450,EXPLORER
56200,0.310133,1.945441,0.423998,0.00034983,0.00082507,0.412226,0.561450,EXPLORER
56300,0.086884,1.287654,0.034872,0.00003298,0.00094581,0.295094,0.569558,EXPLORER
56400,0.580393,3.589526,0.007650,0.00013802,0.01803977,0.270474,0.569558,EXPLORER
56500,0.580393,2.465100,0.010313,0.00007531,0.00730146,0.222935,0.569558,EXPLORER
56600,0.580393,2.743281,0.006916,0.00018729,0.02707791,0.186915,0.569558,EXPLORER
56700,0.091300,3.293347,0.006511,0.00003358,0.00515637,0.166111,0.569558,EXPLORER
56800,0.580393,3.355128,0.020596,0.00010180,0.00494268,0.137409,0.569558,EXPLORER
56900,0.530718,2.129116,0.016512,0.00003811,0.00230811,0.119937,0.569558,EXPLORER
57000,0.226322,3.209199,0.064901,0.00004620,0.00071178,0.104890,0.569558,EXPLORER
57100,0.097120,3.316248,0.098429,0.00007633,0.00077552,0.078962,0.569558,EXPLORER
57200,0.319455,3.429266,0.027616,0.00004783,0.00173175,0.040947,0.569558,EXPLORER
57300,0.264511,1.996694,0.069422,0.00012584,0.00181274,0.982492,0.000000,EXPLORER
57400,0.157996,2.849512,0.213128,0.00018572,0.00087140,0.942113,0.000000,EXPLORER
57500,0.666128,1.717019,0.243360,0.00032168,0.00132182,0.858514,0.000000,EXPLORER
57600,0.700000,3.748346,0.205109,0.00025342,0.00123555,0.772501,0.000000,EXPLORER
57700,0.405110,2.198804,0.292431,0.00035150,0.00120197,0.664177,0.000000,EXPLORER
57800,0.209859,1.979454,0.027107,0.00018218,0.00672038,0.581228,0.000000,EXPLORER
57900,0.274427,1.814896,0.082758,0.00012087,0.00146050,0.538177,0.000000,EXPLORER
58000,0.455596,3.481508,0.415088,0.00034009,0.00081933,0.459774,0.004555,EXPLORER
58100,0.699043,2.663844,0.010878,0.00016665,0.01531839,0.372193,0.004555,EXPLORER
58200,0.417716,1.890108,0.182469,0.00011263,0.00061723,0.325002,0.004555,EXPLORER
58300,0.120730,1.378922,0.150729,0.00019435,0.00128937,0.259756,0.004555,EXPLORER
58400,0.699043,2.334772,0.119806,0.00026835,0.00223987,0.170357,0.004555,EXPLORER
58500,0.114861,2.197309,0.032657,0.00010912,0.00334134,0.102591,0.035077,EXPLORER
58600,0.672423,1.265448,0.001988,0.00019686,0.09895379,0.053902,0.131321,EXPLORER
58700,0.671151,1.827303,0.043928,0.00020129,0.00458220,0.012877,0.137374,EXPLORER
58800,0.624720,2.903448,0.305019,0.00013543,0.00044402,0.962944,0.000000,EXPLORER
58900,0.700000,2.741859,0.292465,0.00017850,0.00061032,0.911640,0.000000,EXPLORER
59000,0.406022,2.620470,0.236338,0.00013073,0.00055314,0.860939,0.000000,EXPLORER
59100,0.700000,2.246788,0.381674,0.00011708,0.00030676,0.812457,0.000000,EXPLORER
59200,0.700000,3.831279,0.437200,0.00018043,0.00041269,0.761306,0.000000,EXPLORER
59300,0.454503,2.713503,0.367729,0.00017115,0.00046541,0.709132,0.000000,EXPLORER
59400,0.606774,2.631968,0.119559,0.00003048,0.00025493,0.650592,0.443936,EXPLORER
59500,0.084558,3.400591,0.050204,0.00017189,0.00342387,0.594568,0.555719,EXPLORER
59600,0.129134,3.727104,0.138973,0.00017475,0.00125745,0.534848,0.555719,EXPLORER
59700,0.050181,2.920932,0.030664,0.00016874,0.00550262,0.479137,0.555719,EXPLORER
59800,0.103823,3.701459,0.046623,0.00017404,0.00373280,0.421452,0.555719,EXPLORER
59900,0.096750,3.308402,0.135611,0.00017132,0.00126332,0.364748,0.555719,EXPLORER
60000,0.037871,3.415855,0.076271,0.00017261,0.00226304,0.308825,0.555719,EXPLORER
60100,0.377481,3.169185,0.100120,0.00019123,0.00190994,0.249482,0.555719,EXPLORER
60200,0.021463,3.408800,0.083905,0.00019226,0.00229135,0.186635,0.555719,EXPLORER
60300,0.042827,3.722336,0.112916,0.00019531,0.00172964,0.122785,0.555719,EXPLORER
60400,0.120290,2.919010,0.191420,0.00019100,0.00099781,0.060079,0.555719,EXPLORER
60500,0.513878,1.929255,0.022875,0.00020104,0.00878791,0.994322,0.000000,EXPLORER
60600,0.123722,2.027811,0.202229,0.00019617,0.00097001,0.939899,0.000000,EXPLORER
60700,0.328180,2.444665,0.454197,0.00032790,0.00072193,0.871206,0.000000,EXPLORER
60800,0.324001,3.047493,0.278232,0.00025986,0.00093396,0.788968,0.000000,EXPLORER
60900,0.457342,2.118635,0.102565,0.00018470,0.00180079,0.719843,0.000000,EXPLORER
61000,0.700000,2.359248,0.002866,0.00012961,0.04521249,0.672489,0.000000,EXPLORER
61100,0.700000,2.553926,0.012635,0.00020602,0.01630466,0.622715,0.000000,EXPLORER
61200,0.700000,2.599912,0.026319,0.00020662,0.00785054,0.574857,0.000000,EXPLORER
61300,0.700000,2.384017,0.029831,0.00020516,0.00687725,0.525180,0.000000,EXPLORER
61400,0.700000,2.457793,0.014583,0.00020541,0.01408497,0.476266,0.000000,EXPLORER
61500,0.700000,3.424374,0.004776,0.00021202,0.04438703,0.425378,0.000000,EXPLORER
61600,0.470948,2.421305,0.134273,0.00011149,0.00083033,0.373947,0.000000,EXPLORER
61700,0.519813,2.000151,0.285339,0.00022621,0.00079279,0.319530,0.000000,EXPLORER
61800,0.306571,2.596770,0.355329,0.00034634,0.00097469,0.207546,0.000000,EXPLORER
61900,0.700000,2.341049,0.211735,0.00023004,0.00108645,0.119413,0.000000,EXPLORER
62000,0.700000,2.562015,0.161750,0.00021665,0.00133940,0.414283,0.000000,EXPLORER
62100,0.291697,2.001729,0.295195,0.00018206,0.00061675,0.325603,0.000000,EXPLORER
62200,0.126091,2.487635,0.275328,0.00035252,0.00128034,0.234757,0.000000,EXPLORER
62300,0.563316,1.901612,0.182916,0.00022309,0.00121962,0.497267,0.000000,EXPLORER
62400,0.092348,2.106934,0.325025,0.00028874,0.00088837,0.411547,0.000000,EXPLORER
62500,0.606527,2.112769,0.023832,0.00014761,0.00619342,0.340426,0.000000,EXPLORER
62600,0.700000,2.627362,0.018445,0.00016666,0.00903523,0.296826,0.000000,EXPLORER
62700,0.162757,2.639414,0.008306,0.00011155,0.01342868,0.250561,0.000000,EXPLORER
62800,0.105660,3.486878,0.332728,0.00022658,0.00068099,0.195905,0.000000,EXPLORER
62900,0.138560,2.272562,0.036206,0.00021918,0.00605347,0.113511,0.000000,EXPLORER
63000,0.636216,2.873871,0.091107,0.00016950,0.00186039,0.029997,0.000000,EXPLORER
63100,0.700000,1.905300,0.048086,0.00020238,0.00420863,0.962680,0.000000,EXPLORER
63200,0.700000,2.667353,0.027906,0.00004219,0.00151189,0.884412,0.000000,EXPLORER
63300,0.035804,1.958201,0.024905,0.00002343,0.00094092,0.865340,0.000000,EXPLORER
63400,0.213735,2.090988,0.363822,0.00028623,0.00078672,0.842328,0.000000,EXPLORER
63500,0.321553,2.878581,0.090253,0.00003904,0.00043260,0.827129,0.000000,EXPLORER
63600,0.386692,2.122374,0.054454,0.00003495,0.00064190,0.810033,0.000000,EXPLORER
63700,0.004370,2.343564,0.072875,0.00004295,0.00058933,0.775982,0.000000,EXPLORER
63800,0.012412,2.955868,0.019965,0.00004398,0.00220278,0.748876,0.000000,EXPLORER
63900,0.036199,2.973225,0.024726,0.00003806,0.00153904,0.735336,0.000000,EXPLORER
64000,0.110498,2.499098,0.019198,0.00004084,0.00212714,0.721683,0.000000,EXPLORER
64100,0.233710,2.250431,0.073690,0.00003784,0.00051353,0.700112,0.000000,EXPLORER
64200,0.496675,2.971840,0.084637,0.00002886,0.00034102,0.687187,0.000000,EXPLORER
64300,0.592048,2.239141,0.017532,0.00004205,0.00239836,0.663274,0.000000,EXPLORER
64400,0.143484,3.041886,0.275749,0.00024329,0.00088228,0.623084,0.000000,EXPLORER
64500,0.447981,1.670667,0.236327,0.00010702,0.00045283,0.557455,0.000000,EXPLORER
64600,0.118938,5.517520,0.132749,0.00022955,0.00172922,0.504973,0.225755,EXPLORER
64700,0.620432,3.765579,0.007924,0.00021450,0.02706670,0.446804,0.378897,EXPLORER
64800,0.077017,2.215139,0.166222,0.00022503,0.00135377,0.385478,0.378897,EXPLORER
64900,0.284688,2.934892,0.221315,0.00018854,0.00085191,0.315824,0.422274,EXPLORER
65000,0.544346,3.796544,0.073686,0.00032266,0.00437881,0.224445,0.741209,EXPLORER
65100,0.518181,2.922376,0.095465,0.00027165,0.00284549,0.127460,0.865807,EXPLORER
65200,0.518181,3.440009,0.426086,0.00026732,0.00062739,0.024740,0.865807,EXPLORER
65300,0.140237,2.455460,0.178314,0.00012635,0.00070855,0.959248,0.000000,EXPLORER
65400,0.403953,3.288251,0.319129,0.00033829,0.00106005,0.885270,0.000000,EXPLORER
65500,0.018083,3.081099,0.000918,0.00003586,0.03900877,0.848823,0.000000,EXPLORER
65600,0.003031,3.168735,0.000171,0.00002715,0.15821295,0.838987,0.000000,EXPLORER
65700,0.004474,1.946967,0.000288,0.00001862,0.06445378,0.829155,0.000000,EXPLORER
65800,0.003086,2.823100,0.001456,0.00002354,0.01615397,0.822404,0.000000,EXPLORER
65900,0.000385,2.915229,0.000015,0.00002352,1.48946041,0.814616,0.000000,EXPLORER
66000,0.000189,2.925401,0.000156,0.00002351,0.14942566,0.806650,0.000000,EXPLORER
66100,0.085556,2.128193,0.327630,0.00031893,0.00097345,0.763484,0.000000,EXPLORER
66200,0.700000,3.330952,0.172819,0.00022190,0.00128397,0.679793,0.000000,EXPLORER
66300,0.700000,1.947989,0.159853,0.00029874,0.00186880,0.627583,0.000000,EXPLORER
66400,0.649719,3.339172,0.100027,0.00004376,0.00043752,0.591862,0.000000,EXPLORER
66500,0.517585,2.240646,0.138284,0.00019529,0.00141226,0.552990,0.000000,EXPLORER
66600,0.140834,3.241996,0.200608,0.00021545,0.00107397,0.503232,0.000000,EXPLORER
66700,0.700000,1.750771,0.152332,0.00003553,0.00023323,0.385850,0.000000,EXPLORER
66800,0.700000,2.638924,0.042301,0.00009434,0.00223027,0.367894,0.000000,EXPLORER
66900,0.537621,2.020135,0.173435,0.00009877,0.00056950,0.321085,0.000000,EXPLORER
67000,0.700000,3.204055,0.006952,0.00017049,0.02451911,0.275144,0.000000,EXPLORER
67100,0.700000,2.813333,0.007483,0.00016776,0.02241546,0.229212,0.000000,EXPLORER
67200,0.700000,2.833078,0.007212,0.00009790,0.01357241,0.181338,0.000000,EXPLORER
67300,0.614578,2.032135,0.090854,0.00016356,0.00180020,0.133947,0.000000,EXPLORER
67400,0.700000,3.367717,0.006962,0.00010162,0.01459357,0.088413,0.000000,EXPLORER
67500,0.085035,2.882816,0.019310,0.00016839,0.00871965,0.038900,0.000000,EXPLORER
